[
  {
    "id": 1,
    "title": "Classic Margherita Pizza",
    "image": "https://images.unsplash.com/photo-1604382354936-07c5d9983bd3?ixlib=rb-4.0.3&ixid=M3wxMjA3fDB8MHxwaG90by1wYWdlfHx8fGVufDB8fHx8fA%3D%3D&auto=format&fit=crop&w=2070&q=80",
    "category": "Veg",
    "cookTime": 25,
    "difficulty": "Medium",
    "ingredients": [
      "2 cups all-purpose flour",
      "1 cup warm water",
      "2 1/4 tsp active dry yeast",
      "1 tsp salt",
      "1 tbsp olive oil",
      "1/2 cup tomato sauce",
      "8 oz fresh mozzarella",
      "Fresh basil leaves",
      "Salt and pepper to taste"
    ],
    "steps": [
      "Mix flour, yeast, and salt in a large bowl",
      "Add warm water and olive oil, knead for 10 minutes",
      "Let dough rise for 1 hour in a warm place",
      "Roll out dough and add tomato sauce",
      "Top with mozzarella and bake at 450°F for 15-20 minutes",
      "Garnish with fresh basil before serving"
    ]
  },
  {
    "id": 2,
    "title": "Grilled Chicken Breast",
    "image": "https://images.unsplash.com/photo-1604503468506-a8da13d82791?ixlib=rb-4.0.3&ixid=M3wxMjA3fDB8MHxwaG90by1wYWdlfHx8fGVufDB8fHx8fA%3D%3D&auto=format&fit=crop&w=2070&q=80",
    "category": "Non-Veg",
    "cookTime": 20,
    "difficulty": "Easy",
    "ingredients": [
      "4 boneless chicken breasts",
      "2 tbsp olive oil",
      "2 cloves garlic, minced",
      "1 tsp dried oregano",
      "1 tsp dried basil",
      "Salt and pepper to taste",
      "Lemon wedges for serving"
    ],
    "steps": [
      "Preheat grill to medium-high heat",
      "Season chicken with salt, pepper, and herbs",
      "Brush with olive oil and minced garlic",
      "Grill for 6-8 minutes per side",
      "Let rest for 5 minutes before slicing",
      "Serve with lemon wedges"
    ]
  },
  {
    "id": 3,
    "title": "Chocolate Lava Cake",
    "image": "https://images.unsplash.com/photo-1624353365286-3f8d62daad51?ixlib=rb-4.0.3&ixid=M3wxMjA3fDB8MHxwaG90by1wYWdlfHx8fGVufDB8fHx8fA%3D%3D&auto=format&fit=crop&w=2070&q=80",
    "category": "Dessert",
    "cookTime": 15,
    "difficulty": "Medium",
    "ingredients": [
      "4 oz dark chocolate",
      "1/2 cup butter",
      "2 eggs",
      "2 egg yolks",
      "1/4 cup sugar",
      "1/4 cup flour",
      "1 tsp vanilla extract",
      "Pinch of salt"
    ],
    "steps": [
      "Preheat oven to 425°F and grease ramekins",
      "Melt chocolate and butter together",
      "Whisk eggs, yolks, and sugar until pale",
      "Fold in melted chocolate mixture",
      "Gently fold in flour and vanilla",
      "Bake for 12-14 minutes until edges are set"
    ]
  },
  {
    "id": 4,
    "title": "Vegetable Stir Fry",
    "image": "https://images.unsplash.com/photo-1512621776951-a57141f2eefd?ixlib=rb-4.0.3&ixid=M3wxMjA3fDB8MHxwaG90by1wYWdlfHx8fGVufDB8fHx8fA%3D%3D&auto=format&fit=crop&w=2070&q=80",
    "category": "Veg",
    "cookTime": 15,
    "difficulty": "Easy",
    "ingredients": [
      "2 cups mixed vegetables (broccoli, carrots, bell peppers)",
      "2 tbsp soy sauce",
      "1 tbsp sesame oil",
      "2 cloves garlic, minced",
      "1 inch ginger, grated",
      "2 tbsp vegetable oil",
      "1 tbsp cornstarch",
      "1/4 cup vegetable broth"
    ],
    "steps": [
      "Heat oil in a wok or large pan over high heat",
      "Add garlic and ginger, stir for 30 seconds",
      "Add vegetables and stir fry for 5-7 minutes",
      "Mix soy sauce, broth, and cornstarch",
      "Pour sauce over vegetables and cook until thickened",
      "Serve hot over rice or noodles"
    ]
  },
  {
    "id": 5,
    "title": "Beef Tacos",
    "image": "https://images.unsplash.com/photo-1565299585323-38d6b0865b47?ixlib=rb-4.0.3&ixid=M3wxMjA3fDB8MHxwaG90by1wYWdlfHx8fGVufDB8fHx8fA%3D%3D&auto=format&fit=crop&w=2080&q=80",
    "category": "Non-Veg",
    "cookTime": 30,
    "difficulty": "Easy",
    "ingredients": [
      "1 lb ground beef",
      "8 taco shells",
      "1 packet taco seasoning",
      "1 onion, diced",
      "2 tomatoes, diced",
      "1 cup shredded lettuce",
      "1 cup shredded cheese",
      "Sour cream and salsa for serving"
    ],
    "steps": [
      "Brown ground beef in a large skillet",
      "Add taco seasoning and water, simmer for 5 minutes",
      "Warm taco shells in oven or microwave",
      "Fill shells with beef mixture",
      "Top with vegetables and cheese",
      "Serve with sour cream and salsa"
    ]
  },
  {
    "id": 6,
    "title": "Tiramisu",
    "image": "https://images.unsplash.com/photo-1571877227200-a0d98ea607e9?ixlib=rb-4.0.3&ixid=M3wxMjA3fDB8MHxwaG90by1wYWdlfHx8fGVufDB8fHx8fA%3D%3D&auto=format&fit=crop&w=2070&q=80",
    "category": "Dessert",
    "cookTime": 45,
    "difficulty": "Hard",
    "ingredients": [
      "6 egg yolks",
      "1 cup sugar",
      "1 1/4 cup mascarpone cheese",
      "1 3/4 cup heavy whipping cream",
      "2 packages ladyfinger cookies",
      "1 cup strong coffee, cooled",
      "2 tbsp coffee liqueur",
      "Cocoa powder for dusting"
    ],
    "steps": [
      "Beat egg yolks and sugar until pale and thick",
      "Fold in mascarpone cheese",
      "Whip cream to stiff peaks and fold into mixture",
      "Dip ladyfingers in coffee and layer in dish",
      "Spread half the mascarpone mixture over cookies",
      "Repeat layers and dust with cocoa powder",
      "Refrigerate for at least 4 hours before serving"
    ]
  },
  {
    "id": 7,
    "title": "Quinoa Buddha Bowl",
    "image": "https://images.unsplash.com/photo-1512621776951-a57141f2eefd?ixlib=rb-4.0.3&ixid=M3wxMjA3fDB8MHxwaG90by1wYWdlfHx8fGVufDB8fHx8fA%3D%3D&auto=format&fit=crop&w=2070&q=80",
    "category": "Veg",
    "cookTime": 25,
    "difficulty": "Easy",
    "ingredients": [
      "1 cup quinoa",
      "2 cups vegetable broth",
      "1 sweet potato, cubed",
      "1 cup chickpeas",
      "2 cups kale, chopped",
      "1 avocado, sliced",
      "2 tbsp olive oil",
      "1 lemon, juiced",
      "Salt and pepper to taste"
    ],
    "steps": [
      "Cook quinoa in vegetable broth according to package",
      "Roast sweet potato cubes at 400°F for 20 minutes",
      "Sauté kale in olive oil until wilted",
      "Arrange quinoa, vegetables, and avocado in bowls",
      "Drizzle with lemon juice and olive oil",
      "Season with salt and pepper to taste"
    ]
  },
  {
    "id": 8,
    "title": "Salmon Teriyaki",
    "image": "https://images.unsplash.com/photo-1467003909585-2f8a72700288?ixlib=rb-4.0.3&ixid=M3wxMjA3fDB8MHxwaG90by1wYWdlfHx8fGVufDB8fHx8fA%3D%3D&auto=format&fit=crop&w=2070&q=80",
    "category": "Non-Veg",
    "cookTime": 20,
    "difficulty": "Medium",
    "ingredients": [
      "4 salmon fillets",
      "1/2 cup teriyaki sauce",
      "2 tbsp honey",
      "2 cloves garlic, minced",
      "1 tbsp ginger, grated",
      "2 tbsp sesame oil",
      "2 green onions, sliced",
      "Sesame seeds for garnish"
    ],
    "steps": [
      "Preheat oven to 400°F",
      "Mix teriyaki sauce, honey, garlic, and ginger",
      "Place salmon in baking dish and pour sauce over",
      "Bake for 15-18 minutes until flaky",
      "Garnish with green onions and sesame seeds",
      "Serve with steamed rice and vegetables"
    ]
  },
  {
    "id": 9,
    "title": "Apple Crumble",
    "image": "https://images.unsplash.com/photo-1624353365286-3f8d62daad51?ixlib=rb-4.0.3&ixid=M3wxMjA3fDB8MHxwaG90by1wYWdlfHx8fGVufDB8fHx8fA%3D%3D&auto=format&fit=crop&w=2070&q=80",
    "category": "Dessert",
    "cookTime": 40,
    "difficulty": "Easy",
    "ingredients": [
      "6 apples, peeled and sliced",
      "1/2 cup sugar",
      "1 tsp cinnamon",
      "1 cup flour",
      "1/2 cup brown sugar",
      "1/2 cup butter, cold",
      "1/2 cup oats",
      "1/4 cup chopped nuts"
    ],
    "steps": [
      "Preheat oven to 375°F",
      "Toss apples with sugar and cinnamon",
      "Place apples in baking dish",
      "Mix flour, brown sugar, and cold butter for crumble",
      "Add oats and nuts to crumble mixture",
      "Sprinkle crumble over apples and bake for 30 minutes"
    ]
  },
  {
    "id": 10,
    "title": "Mushroom Risotto",
    "image": "https://images.unsplash.com/photo-1604382354936-07c5d9983bd3?ixlib=rb-4.0.3&ixid=M3wxMjA3fDB8MHxwaG90by1wYWdlfHx8fGVufDB8fHx8fA%3D%3D&auto=format&fit=crop&w=2070&q=80",
    "category": "Veg",
    "cookTime": 35,
    "difficulty": "Medium",
    "ingredients": [
      "1 1/2 cups arborio rice",
      "4 cups vegetable broth",
      "1 lb mushrooms, sliced",
      "1 onion, diced",
      "2 cloves garlic, minced",
      "1/2 cup white wine",
      "1/2 cup parmesan cheese",
      "2 tbsp butter",
      "2 tbsp olive oil"
    ],
    "steps": [
      "Heat broth in a saucepan and keep warm",
      "Sauté mushrooms in olive oil until golden",
      "Cook onion and garlic in butter until soft",
      "Add rice and stir for 2 minutes",
      "Add wine and stir until absorbed",
      "Gradually add broth, stirring constantly",
      "Stir in parmesan cheese and serve"
    ]
  }
] 